Column,Count,Missing,Cardinality,Min,1st qrt.,Mean,Median,3rd qrt.,Max,Std. Dev.
Total Items,1734,0,2,1.0,1.0,1.0011534025374855,1.0,1.0,2.0,0.03395198057483427
Net,1681,53,13,-11.27,39.0,44.44682926829268,49.0,49.0,149.0,9.642018102826869
Total,1729,5,25,29.0,39.0,46.893314054366684,49.0,49.0,178.8,8.672938793125297
Total Discount,1727,7,8,30.0,50.0,54.606253618992476,50.0,60.0,100.0,5.96252552027276
